ensemble,model,member,grid,ssp,method
NEX-GDDP,IPSL-CM6A-LR,r1i1p1f1,gr,ssp245,NEX-GDDP
NEX-GDDP,IPSL-CM6A-LR,r1i1p1f1,gr,historical,NEX-GDDP
NEX-GDDP,IPSL-CM6A-LR,r1i1p1f1,gr,ssp585,NEX-GDDP
NEX-GDDP,IPSL-CM6A-LR,r1i1p1f1,gr,ssp370,NEX-GDDP
NEX-GDDP,IPSL-CM6A-LR,r1i1p1f1,gr,ssp126,NEX-GDDP
NEX-GDDP,ACCESS-CM2,r1i1p1f1,gn,ssp245,NEX-GDDP
NEX-GDDP,ACCESS-CM2,r1i1p1f1,gn,historical,NEX-GDDP
NEX-GDDP,ACCESS-CM2,r1i1p1f1,gn,ssp585,NEX-GDDP
NEX-GDDP,ACCESS-CM2,r1i1p1f1,gn,ssp370,NEX-GDDP
NEX-GDDP,ACCESS-CM2,r1i1p1f1,gn,ssp126,NEX-GDDP
NEX-GDDP,GFDL-CM4_gr2,r1i1p1f1,gr2,ssp245,NEX-GDDP
NEX-GDDP,GFDL-CM4_gr2,r1i1p1f1,gr2,historical,NEX-GDDP
NEX-GDDP,GFDL-CM4_gr2,r1i1p1f1,gr2,ssp585,NEX-GDDP
NEX-GDDP,INM-CM5-0,r1i1p1f1,gr1,ssp245,NEX-GDDP
NEX-GDDP,INM-CM5-0,r1i1p1f1,gr1,historical,NEX-GDDP
NEX-GDDP,INM-CM5-0,r1i1p1f1,gr1,ssp585,NEX-GDDP
NEX-GDDP,INM-CM5-0,r1i1p1f1,gr1,ssp370,NEX-GDDP
NEX-GDDP,INM-CM5-0,r1i1p1f1,gr1,ssp126,NEX-GDDP
NEX-GDDP,NESM3,r1i1p1f1,gn,ssp245,NEX-GDDP
NEX-GDDP,NESM3,r1i1p1f1,gn,ssp585,NEX-GDDP
NEX-GDDP,NESM3,r1i1p1f1,gn,ssp126,NEX-GDDP
NEX-GDDP,KACE-1-0-G,r1i1p1f1,gr,ssp245,NEX-GDDP
NEX-GDDP,KACE-1-0-G,r1i1p1f1,gr,historical,NEX-GDDP
NEX-GDDP,KACE-1-0-G,r1i1p1f1,gr,ssp585,NEX-GDDP
NEX-GDDP,KACE-1-0-G,r1i1p1f1,gr,ssp370,NEX-GDDP
NEX-GDDP,KACE-1-0-G,r1i1p1f1,gr,ssp126,NEX-GDDP
NEX-GDDP,MPI-ESM1-2-LR,r1i1p1f1,gn,ssp245,NEX-GDDP
NEX-GDDP,MPI-ESM1-2-LR,r1i1p1f1,gn,historical,NEX-GDDP
NEX-GDDP,MPI-ESM1-2-LR,r1i1p1f1,gn,ssp585,NEX-GDDP
NEX-GDDP,MPI-ESM1-2-LR,r1i1p1f1,gn,ssp370,NEX-GDDP
NEX-GDDP,MPI-ESM1-2-LR,r1i1p1f1,gn,ssp126,NEX-GDDP
NEX-GDDP,NorESM2-LM,r1i1p1f1,gn,ssp245,NEX-GDDP
NEX-GDDP,NorESM2-LM,r1i1p1f1,gn,historical,NEX-GDDP
NEX-GDDP,NorESM2-LM,r1i1p1f1,gn,ssp585,NEX-GDDP
NEX-GDDP,NorESM2-LM,r1i1p1f1,gn,ssp370,NEX-GDDP
NEX-GDDP,NorESM2-LM,r1i1p1f1,gn,ssp126,NEX-GDDP
NEX-GDDP,CanESM5,r1i1p1f1,gn,ssp245,NEX-GDDP
NEX-GDDP,CanESM5,r1i1p1f1,gn,historical,NEX-GDDP
NEX-GDDP,CanESM5,r1i1p1f1,gn,ssp585,NEX-GDDP
NEX-GDDP,CanESM5,r1i1p1f1,gn,ssp370,NEX-GDDP
NEX-GDDP,CanESM5,r1i1p1f1,gn,ssp126,NEX-GDDP
NEX-GDDP,UKESM1-0-LL,r1i1p1f2,gn,ssp245,NEX-GDDP
NEX-GDDP,UKESM1-0-LL,r1i1p1f2,gn,historical,NEX-GDDP
NEX-GDDP,UKESM1-0-LL,r1i1p1f2,gn,ssp585,NEX-GDDP
NEX-GDDP,UKESM1-0-LL,r1i1p1f2,gn,ssp370,NEX-GDDP
NEX-GDDP,UKESM1-0-LL,r1i1p1f2,gn,ssp126,NEX-GDDP
NEX-GDDP,GFDL-ESM4,r1i1p1f1,gr1,ssp245,NEX-GDDP
NEX-GDDP,GFDL-ESM4,r1i1p1f1,gr1,historical,NEX-GDDP
NEX-GDDP,GFDL-ESM4,r1i1p1f1,gr1,ssp585,NEX-GDDP
NEX-GDDP,GFDL-ESM4,r1i1p1f1,gr1,ssp370,NEX-GDDP
NEX-GDDP,GFDL-ESM4,r1i1p1f1,gr1,ssp126,NEX-GDDP
NEX-GDDP,ACCESS-ESM1-5,r1i1p1f1,gn,ssp245,NEX-GDDP
NEX-GDDP,ACCESS-ESM1-5,r1i1p1f1,gn,historical,NEX-GDDP
NEX-GDDP,ACCESS-ESM1-5,r1i1p1f1,gn,ssp585,NEX-GDDP
NEX-GDDP,ACCESS-ESM1-5,r1i1p1f1,gn,ssp370,NEX-GDDP
NEX-GDDP,ACCESS-ESM1-5,r1i1p1f1,gn,ssp126,NEX-GDDP
NEX-GDDP,GFDL-CM4,r1i1p1f1,gr1,ssp245,NEX-GDDP
NEX-GDDP,GFDL-CM4,r1i1p1f1,gr1,historical,NEX-GDDP
NEX-GDDP,GFDL-CM4,r1i1p1f1,gr1,ssp585,NEX-GDDP
NEX-GDDP,MIROC-ES2L,r1i1p1f2,gn,ssp245,NEX-GDDP
NEX-GDDP,MIROC-ES2L,r1i1p1f2,gn,historical,NEX-GDDP
NEX-GDDP,MIROC-ES2L,r1i1p1f2,gn,ssp585,NEX-GDDP
NEX-GDDP,MIROC-ES2L,r1i1p1f2,gn,ssp370,NEX-GDDP
NEX-GDDP,MIROC-ES2L,r1i1p1f2,gn,ssp126,NEX-GDDP
NEX-GDDP,GISS-E2-1-G,r1i1p1f2,gn,ssp245,NEX-GDDP
NEX-GDDP,GISS-E2-1-G,r1i1p1f2,gn,historical,NEX-GDDP
NEX-GDDP,GISS-E2-1-G,r1i1p1f2,gn,ssp585,NEX-GDDP
NEX-GDDP,GISS-E2-1-G,r1i1p1f2,gn,ssp370,NEX-GDDP
NEX-GDDP,GISS-E2-1-G,r1i1p1f2,gn,ssp126,NEX-GDDP
NEX-GDDP,CMCC-ESM2,r1i1p1f1,gn,ssp245,NEX-GDDP
NEX-GDDP,CMCC-ESM2,r1i1p1f1,gn,historical,NEX-GDDP
NEX-GDDP,CMCC-ESM2,r1i1p1f1,gn,ssp585,NEX-GDDP
NEX-GDDP,CMCC-ESM2,r1i1p1f1,gn,ssp370,NEX-GDDP
NEX-GDDP,CMCC-ESM2,r1i1p1f1,gn,ssp126,NEX-GDDP
NEX-GDDP,EC-Earth3-Veg-LR,r1i1p1f1,gr,ssp245,NEX-GDDP
NEX-GDDP,EC-Earth3-Veg-LR,r1i1p1f1,gr,historical,NEX-GDDP
NEX-GDDP,EC-Earth3-Veg-LR,r1i1p1f1,gr,ssp585,NEX-GDDP
NEX-GDDP,EC-Earth3-Veg-LR,r1i1p1f1,gr,ssp370,NEX-GDDP
NEX-GDDP,EC-Earth3-Veg-LR,r1i1p1f1,gr,ssp126,NEX-GDDP
NEX-GDDP,INM-CM4-8,r1i1p1f1,gr1,ssp245,NEX-GDDP
NEX-GDDP,INM-CM4-8,r1i1p1f1,gr1,historical,NEX-GDDP
NEX-GDDP,INM-CM4-8,r1i1p1f1,gr1,ssp585,NEX-GDDP
NEX-GDDP,INM-CM4-8,r1i1p1f1,gr1,ssp370,NEX-GDDP
NEX-GDDP,INM-CM4-8,r1i1p1f1,gr1,ssp126,NEX-GDDP
NEX-GDDP,KIOST-ESM,r1i1p1f1,gr1,ssp245,NEX-GDDP
NEX-GDDP,KIOST-ESM,r1i1p1f1,gr1,historical,NEX-GDDP
NEX-GDDP,KIOST-ESM,r1i1p1f1,gr1,ssp585,NEX-GDDP
NEX-GDDP,KIOST-ESM,r1i1p1f1,gr1,ssp126,NEX-GDDP
NEX-GDDP,EC-Earth3,r1i1p1f1,gr,ssp245,NEX-GDDP
NEX-GDDP,EC-Earth3,r1i1p1f1,gr,historical,NEX-GDDP
NEX-GDDP,EC-Earth3,r1i1p1f1,gr,ssp585,NEX-GDDP
NEX-GDDP,EC-Earth3,r1i1p1f1,gr,ssp370,NEX-GDDP
NEX-GDDP,EC-Earth3,r1i1p1f1,gr,ssp126,NEX-GDDP
NEX-GDDP,BCC-CSM2-MR,r1i1p1f1,gn,ssp245,NEX-GDDP
NEX-GDDP,BCC-CSM2-MR,r1i1p1f1,gn,historical,NEX-GDDP
NEX-GDDP,BCC-CSM2-MR,r1i1p1f1,gn,ssp585,NEX-GDDP
NEX-GDDP,BCC-CSM2-MR,r1i1p1f1,gn,ssp370,NEX-GDDP
NEX-GDDP,BCC-CSM2-MR,r1i1p1f1,gn,ssp126,NEX-GDDP
NEX-GDDP,MPI-ESM1-2-HR,r1i1p1f1,gn,ssp245,NEX-GDDP
NEX-GDDP,MPI-ESM1-2-HR,r1i1p1f1,gn,historical,NEX-GDDP
NEX-GDDP,MPI-ESM1-2-HR,r1i1p1f1,gn,ssp585,NEX-GDDP
NEX-GDDP,MPI-ESM1-2-HR,r1i1p1f1,gn,ssp370,NEX-GDDP
NEX-GDDP,MPI-ESM1-2-HR,r1i1p1f1,gn,ssp126,NEX-GDDP
NEX-GDDP,TaiESM1,r1i1p1f1,gn,ssp245,NEX-GDDP
NEX-GDDP,TaiESM1,r1i1p1f1,gn,historical,NEX-GDDP
NEX-GDDP,TaiESM1,r1i1p1f1,gn,ssp585,NEX-GDDP
NEX-GDDP,TaiESM1,r1i1p1f1,gn,ssp370,NEX-GDDP
NEX-GDDP,TaiESM1,r1i1p1f1,gn,ssp126,NEX-GDDP
NEX-GDDP,HadGEM3-GC31-LL,r1i1p1f3,gn,ssp245,NEX-GDDP
NEX-GDDP,HadGEM3-GC31-LL,r1i1p1f3,gn,historical,NEX-GDDP
NEX-GDDP,HadGEM3-GC31-LL,r1i1p1f3,gn,ssp585,NEX-GDDP
NEX-GDDP,HadGEM3-GC31-LL,r1i1p1f3,gn,ssp126,NEX-GDDP
NEX-GDDP,CNRM-CM6-1,r1i1p1f2,gr,ssp245,NEX-GDDP
NEX-GDDP,CNRM-CM6-1,r1i1p1f2,gr,historical,NEX-GDDP
NEX-GDDP,CNRM-CM6-1,r1i1p1f2,gr,ssp585,NEX-GDDP
NEX-GDDP,CNRM-CM6-1,r1i1p1f2,gr,ssp370,NEX-GDDP
NEX-GDDP,CNRM-CM6-1,r1i1p1f2,gr,ssp126,NEX-GDDP
NEX-GDDP,FGOALS-g3,r3i1p1f1,gn,ssp245,NEX-GDDP
NEX-GDDP,FGOALS-g3,r3i1p1f1,gn,historical,NEX-GDDP
NEX-GDDP,FGOALS-g3,r3i1p1f1,gn,ssp585,NEX-GDDP
NEX-GDDP,FGOALS-g3,r3i1p1f1,gn,ssp370,NEX-GDDP
NEX-GDDP,FGOALS-g3,r3i1p1f1,gn,ssp126,NEX-GDDP
NEX-GDDP,HadGEM3-GC31-MM,r1i1p1f3,gn,historical,NEX-GDDP
NEX-GDDP,HadGEM3-GC31-MM,r1i1p1f3,gn,ssp585,NEX-GDDP
NEX-GDDP,HadGEM3-GC31-MM,r1i1p1f3,gn,ssp126,NEX-GDDP
NEX-GDDP,CMCC-CM2-SR5,r1i1p1f1,gn,ssp245,NEX-GDDP
NEX-GDDP,CMCC-CM2-SR5,r1i1p1f1,gn,historical,NEX-GDDP
NEX-GDDP,CMCC-CM2-SR5,r1i1p1f1,gn,ssp585,NEX-GDDP
NEX-GDDP,MIROC6,r1i1p1f1,gn,ssp245,NEX-GDDP
NEX-GDDP,MIROC6,r1i1p1f1,gn,historical,NEX-GDDP
NEX-GDDP,MIROC6,r1i1p1f1,gn,ssp585,NEX-GDDP
NEX-GDDP,MIROC6,r1i1p1f1,gn,ssp370,NEX-GDDP
NEX-GDDP,MIROC6,r1i1p1f1,gn,ssp126,NEX-GDDP
NEX-GDDP,CNRM-ESM2-1,r1i1p1f2,gr,ssp245,NEX-GDDP
NEX-GDDP,CNRM-ESM2-1,r1i1p1f2,gr,historical,NEX-GDDP
NEX-GDDP,CNRM-ESM2-1,r1i1p1f2,gr,ssp585,NEX-GDDP
NEX-GDDP,CNRM-ESM2-1,r1i1p1f2,gr,ssp370,NEX-GDDP
NEX-GDDP,CNRM-ESM2-1,r1i1p1f2,gr,ssp126,NEX-GDDP
NEX-GDDP,NorESM2-MM,r1i1p1f1,gn,ssp245,NEX-GDDP
NEX-GDDP,NorESM2-MM,r1i1p1f1,gn,historical,NEX-GDDP
NEX-GDDP,NorESM2-MM,r1i1p1f1,gn,ssp585,NEX-GDDP
NEX-GDDP,NorESM2-MM,r1i1p1f1,gn,ssp370,NEX-GDDP
NEX-GDDP,NorESM2-MM,r1i1p1f1,gn,ssp126,NEX-GDDP
NEX-GDDP,MRI-ESM2-0,r1i1p1f1,gn,ssp245,NEX-GDDP
NEX-GDDP,MRI-ESM2-0,r1i1p1f1,gn,historical,NEX-GDDP
NEX-GDDP,MRI-ESM2-0,r1i1p1f1,gn,ssp585,NEX-GDDP
NEX-GDDP,MRI-ESM2-0,r1i1p1f1,gn,ssp370,NEX-GDDP
NEX-GDDP,MRI-ESM2-0,r1i1p1f1,gn,ssp126,NEX-GDDP
LOCA2,AWI-CM-1-1-MR,r2i1p1f1,0,historical,LOCA2
LOCA2,AWI-CM-1-1-MR,r2i1p1f1,0,ssp370,LOCA2
LOCA2,AWI-CM-1-1-MR,r5i1p1f1,0,historical,LOCA2
LOCA2,AWI-CM-1-1-MR,r5i1p1f1,0,ssp370,LOCA2
LOCA2,AWI-CM-1-1-MR,r1i1p1f1,0,ssp245,LOCA2
LOCA2,AWI-CM-1-1-MR,r1i1p1f1,0,historical,LOCA2
LOCA2,AWI-CM-1-1-MR,r1i1p1f1,0,ssp585,LOCA2
LOCA2,AWI-CM-1-1-MR,r1i1p1f1,0,ssp370,LOCA2
LOCA2,AWI-CM-1-1-MR,r4i1p1f1,0,historical,LOCA2
LOCA2,AWI-CM-1-1-MR,r4i1p1f1,0,ssp370,LOCA2
LOCA2,AWI-CM-1-1-MR,r3i1p1f1,0,historical,LOCA2
LOCA2,AWI-CM-1-1-MR,r3i1p1f1,0,ssp370,LOCA2
LOCA2,IPSL-CM6A-LR,r2i1p1f1,0,ssp245,LOCA2
LOCA2,IPSL-CM6A-LR,r2i1p1f1,0,historical,LOCA2
LOCA2,IPSL-CM6A-LR,r2i1p1f1,0,ssp585,LOCA2
LOCA2,IPSL-CM6A-LR,r2i1p1f1,0,ssp370,LOCA2
LOCA2,IPSL-CM6A-LR,r5i1p1f1,0,ssp245,LOCA2
LOCA2,IPSL-CM6A-LR,r5i1p1f1,0,historical,LOCA2
LOCA2,IPSL-CM6A-LR,r5i1p1f1,0,ssp370,LOCA2
LOCA2,IPSL-CM6A-LR,r1i1p1f1,0,ssp245,LOCA2
LOCA2,IPSL-CM6A-LR,r1i1p1f1,0,historical,LOCA2
LOCA2,IPSL-CM6A-LR,r1i1p1f1,0,ssp585,LOCA2
LOCA2,IPSL-CM6A-LR,r1i1p1f1,0,ssp370,LOCA2
LOCA2,IPSL-CM6A-LR,r4i1p1f1,0,ssp245,LOCA2
LOCA2,IPSL-CM6A-LR,r4i1p1f1,0,historical,LOCA2
LOCA2,IPSL-CM6A-LR,r4i1p1f1,0,ssp585,LOCA2
LOCA2,IPSL-CM6A-LR,r4i1p1f1,0,ssp370,LOCA2
LOCA2,IPSL-CM6A-LR,r3i1p1f1,0,ssp245,LOCA2
LOCA2,IPSL-CM6A-LR,r3i1p1f1,0,historical,LOCA2
LOCA2,IPSL-CM6A-LR,r3i1p1f1,0,ssp585,LOCA2
LOCA2,IPSL-CM6A-LR,r3i1p1f1,0,ssp370,LOCA2
LOCA2,IPSL-CM6A-LR,r9i1p1f1,0,historical,LOCA2
LOCA2,IPSL-CM6A-LR,r9i1p1f1,0,ssp370,LOCA2
LOCA2,IPSL-CM6A-LR,r8i1p1f1,0,historical,LOCA2
LOCA2,IPSL-CM6A-LR,r8i1p1f1,0,ssp370,LOCA2
LOCA2,IPSL-CM6A-LR,r10i1p1f1,0,historical,LOCA2
LOCA2,IPSL-CM6A-LR,r10i1p1f1,0,ssp370,LOCA2
LOCA2,IPSL-CM6A-LR,r7i1p1f1,0,historical,LOCA2
LOCA2,IPSL-CM6A-LR,r7i1p1f1,0,ssp370,LOCA2
LOCA2,IPSL-CM6A-LR,r6i1p1f1,0,historical,LOCA2
LOCA2,IPSL-CM6A-LR,r6i1p1f1,0,ssp370,LOCA2
LOCA2,ACCESS-CM2,r2i1p1f1,0,ssp245,LOCA2
LOCA2,ACCESS-CM2,r2i1p1f1,0,historical,LOCA2
LOCA2,ACCESS-CM2,r2i1p1f1,0,ssp585,LOCA2
LOCA2,ACCESS-CM2,r2i1p1f1,0,ssp370,LOCA2
LOCA2,ACCESS-CM2,r1i1p1f1,0,ssp245,LOCA2
LOCA2,ACCESS-CM2,r1i1p1f1,0,historical,LOCA2
LOCA2,ACCESS-CM2,r1i1p1f1,0,ssp585,LOCA2
LOCA2,ACCESS-CM2,r1i1p1f1,0,ssp370,LOCA2
LOCA2,ACCESS-CM2,r3i1p1f1,0,ssp245,LOCA2
LOCA2,ACCESS-CM2,r3i1p1f1,0,historical,LOCA2
LOCA2,ACCESS-CM2,r3i1p1f1,0,ssp585,LOCA2
LOCA2,ACCESS-CM2,r3i1p1f1,0,ssp370,LOCA2
LOCA2,INM-CM5-0,r2i1p1f1,0,historical,LOCA2
LOCA2,INM-CM5-0,r2i1p1f1,0,ssp370,LOCA2
LOCA2,INM-CM5-0,r5i1p1f1,0,historical,LOCA2
LOCA2,INM-CM5-0,r5i1p1f1,0,ssp370,LOCA2
LOCA2,INM-CM5-0,r1i1p1f1,0,ssp245,LOCA2
LOCA2,INM-CM5-0,r1i1p1f1,0,historical,LOCA2
LOCA2,INM-CM5-0,r1i1p1f1,0,ssp585,LOCA2
LOCA2,INM-CM5-0,r1i1p1f1,0,ssp370,LOCA2
LOCA2,INM-CM5-0,r4i1p1f1,0,historical,LOCA2
LOCA2,INM-CM5-0,r4i1p1f1,0,ssp370,LOCA2
LOCA2,INM-CM5-0,r3i1p1f1,0,historical,LOCA2
LOCA2,INM-CM5-0,r3i1p1f1,0,ssp370,LOCA2
LOCA2,KACE-1-0-G,r2i1p1f1,0,ssp245,LOCA2
LOCA2,KACE-1-0-G,r2i1p1f1,0,historical,LOCA2
LOCA2,KACE-1-0-G,r2i1p1f1,0,ssp585,LOCA2
LOCA2,KACE-1-0-G,r2i1p1f1,0,ssp370,LOCA2
LOCA2,KACE-1-0-G,r1i1p1f1,0,ssp245,LOCA2
LOCA2,KACE-1-0-G,r1i1p1f1,0,historical,LOCA2
LOCA2,KACE-1-0-G,r1i1p1f1,0,ssp585,LOCA2
LOCA2,KACE-1-0-G,r1i1p1f1,0,ssp370,LOCA2
LOCA2,KACE-1-0-G,r3i1p1f1,0,ssp245,LOCA2
LOCA2,KACE-1-0-G,r3i1p1f1,0,historical,LOCA2
LOCA2,KACE-1-0-G,r3i1p1f1,0,ssp585,LOCA2
LOCA2,KACE-1-0-G,r3i1p1f1,0,ssp370,LOCA2
LOCA2,MPI-ESM1-2-LR,r2i1p1f1,0,ssp245,LOCA2
LOCA2,MPI-ESM1-2-LR,r2i1p1f1,0,historical,LOCA2
LOCA2,MPI-ESM1-2-LR,r2i1p1f1,0,ssp585,LOCA2
LOCA2,MPI-ESM1-2-LR,r2i1p1f1,0,ssp370,LOCA2
LOCA2,MPI-ESM1-2-LR,r5i1p1f1,0,ssp245,LOCA2
LOCA2,MPI-ESM1-2-LR,r5i1p1f1,0,historical,LOCA2
LOCA2,MPI-ESM1-2-LR,r5i1p1f1,0,ssp370,LOCA2
LOCA2,MPI-ESM1-2-LR,r1i1p1f1,0,ssp245,LOCA2
LOCA2,MPI-ESM1-2-LR,r1i1p1f1,0,historical,LOCA2
LOCA2,MPI-ESM1-2-LR,r1i1p1f1,0,ssp585,LOCA2
LOCA2,MPI-ESM1-2-LR,r1i1p1f1,0,ssp370,LOCA2
LOCA2,MPI-ESM1-2-LR,r4i1p1f1,0,ssp245,LOCA2
LOCA2,MPI-ESM1-2-LR,r4i1p1f1,0,historical,LOCA2
LOCA2,MPI-ESM1-2-LR,r4i1p1f1,0,ssp370,LOCA2
LOCA2,MPI-ESM1-2-LR,r3i1p1f1,0,ssp245,LOCA2
LOCA2,MPI-ESM1-2-LR,r3i1p1f1,0,historical,LOCA2
LOCA2,MPI-ESM1-2-LR,r3i1p1f1,0,ssp585,LOCA2
LOCA2,MPI-ESM1-2-LR,r3i1p1f1,0,ssp370,LOCA2
LOCA2,MPI-ESM1-2-LR,r8i1p1f1,0,ssp245,LOCA2
LOCA2,MPI-ESM1-2-LR,r8i1p1f1,0,historical,LOCA2
LOCA2,MPI-ESM1-2-LR,r8i1p1f1,0,ssp370,LOCA2
LOCA2,MPI-ESM1-2-LR,r10i1p1f1,0,ssp245,LOCA2
LOCA2,MPI-ESM1-2-LR,r10i1p1f1,0,historical,LOCA2
LOCA2,MPI-ESM1-2-LR,r10i1p1f1,0,ssp370,LOCA2
LOCA2,MPI-ESM1-2-LR,r7i1p1f1,0,ssp245,LOCA2
LOCA2,MPI-ESM1-2-LR,r7i1p1f1,0,historical,LOCA2
LOCA2,MPI-ESM1-2-LR,r7i1p1f1,0,ssp370,LOCA2
LOCA2,MPI-ESM1-2-LR,r6i1p1f1,0,ssp245,LOCA2
LOCA2,MPI-ESM1-2-LR,r6i1p1f1,0,historical,LOCA2
LOCA2,NorESM2-LM,r2i1p1f1,0,ssp245,LOCA2
LOCA2,NorESM2-LM,r2i1p1f1,0,historical,LOCA2
LOCA2,NorESM2-LM,r1i1p1f1,0,ssp245,LOCA2
LOCA2,NorESM2-LM,r1i1p1f1,0,historical,LOCA2
LOCA2,NorESM2-LM,r1i1p1f1,0,ssp585,LOCA2
LOCA2,NorESM2-LM,r1i1p1f1,0,ssp370,LOCA2
LOCA2,NorESM2-LM,r3i1p1f1,0,ssp245,LOCA2
LOCA2,NorESM2-LM,r3i1p1f1,0,historical,LOCA2
LOCA2,CanESM5,r2i1p1f1,0,ssp245,LOCA2
LOCA2,CanESM5,r2i1p1f1,0,historical,LOCA2
LOCA2,CanESM5,r2i1p1f1,0,ssp585,LOCA2
LOCA2,CanESM5,r2i1p1f1,0,ssp370,LOCA2
LOCA2,CanESM5,r5i1p1f1,0,ssp245,LOCA2
LOCA2,CanESM5,r5i1p1f1,0,historical,LOCA2
LOCA2,CanESM5,r5i1p1f1,0,ssp585,LOCA2
LOCA2,CanESM5,r5i1p1f1,0,ssp370,LOCA2
LOCA2,CanESM5,r1i1p1f1,0,ssp245,LOCA2
LOCA2,CanESM5,r1i1p1f1,0,historical,LOCA2
LOCA2,CanESM5,r1i1p1f1,0,ssp585,LOCA2
LOCA2,CanESM5,r1i1p1f1,0,ssp370,LOCA2
LOCA2,CanESM5,r4i1p1f1,0,ssp245,LOCA2
LOCA2,CanESM5,r4i1p1f1,0,historical,LOCA2
LOCA2,CanESM5,r4i1p1f1,0,ssp585,LOCA2
LOCA2,CanESM5,r4i1p1f1,0,ssp370,LOCA2
LOCA2,CanESM5,r3i1p1f1,0,ssp245,LOCA2
LOCA2,CanESM5,r3i1p1f1,0,historical,LOCA2
LOCA2,CanESM5,r3i1p1f1,0,ssp585,LOCA2
LOCA2,CanESM5,r3i1p1f1,0,ssp370,LOCA2
LOCA2,CanESM5,r7i1p1f1,0,ssp245,LOCA2
LOCA2,CanESM5,r7i1p1f1,0,historical,LOCA2
LOCA2,CanESM5,r7i1p1f1,0,ssp585,LOCA2
LOCA2,CanESM5,r7i1p1f1,0,ssp370,LOCA2
LOCA2,CanESM5,r6i1p1f1,0,ssp245,LOCA2
LOCA2,CanESM5,r6i1p1f1,0,historical,LOCA2
LOCA2,CanESM5,r6i1p1f1,0,ssp585,LOCA2
LOCA2,CanESM5,r6i1p1f1,0,ssp370,LOCA2
LOCA2,CNRM-CM6-1-HR,r1i1p1f2,0,historical,LOCA2
LOCA2,CNRM-CM6-1-HR,r1i1p1f2,0,ssp585,LOCA2
LOCA2,GFDL-ESM4,r1i1p1f1,0,ssp245,LOCA2
LOCA2,GFDL-ESM4,r1i1p1f1,0,historical,LOCA2
LOCA2,GFDL-ESM4,r1i1p1f1,0,ssp585,LOCA2
LOCA2,GFDL-ESM4,r1i1p1f1,0,ssp370,LOCA2
LOCA2,CESM2-LENS,r2i1p1f1,0,historical,LOCA2
LOCA2,CESM2-LENS,r2i1p1f1,0,ssp370,LOCA2
LOCA2,CESM2-LENS,r5i1p1f1,0,historical,LOCA2
LOCA2,CESM2-LENS,r5i1p1f1,0,ssp370,LOCA2
LOCA2,CESM2-LENS,r1i1p1f1,0,historical,LOCA2
LOCA2,CESM2-LENS,r1i1p1f1,0,ssp370,LOCA2
LOCA2,CESM2-LENS,r4i1p1f1,0,historical,LOCA2
LOCA2,CESM2-LENS,r4i1p1f1,0,ssp370,LOCA2
LOCA2,CESM2-LENS,r3i1p1f1,0,historical,LOCA2
LOCA2,CESM2-LENS,r3i1p1f1,0,ssp370,LOCA2
LOCA2,CESM2-LENS,r9i1p1f1,0,historical,LOCA2
LOCA2,CESM2-LENS,r9i1p1f1,0,ssp370,LOCA2
LOCA2,CESM2-LENS,r8i1p1f1,0,historical,LOCA2
LOCA2,CESM2-LENS,r8i1p1f1,0,ssp370,LOCA2
LOCA2,CESM2-LENS,r10i1p1f1,0,historical,LOCA2
LOCA2,CESM2-LENS,r10i1p1f1,0,ssp370,LOCA2
LOCA2,CESM2-LENS,r7i1p1f1,0,historical,LOCA2
LOCA2,CESM2-LENS,r7i1p1f1,0,ssp370,LOCA2
LOCA2,CESM2-LENS,r6i1p1f1,0,historical,LOCA2
LOCA2,CESM2-LENS,r6i1p1f1,0,ssp370,LOCA2
LOCA2,ACCESS-ESM1-5,r2i1p1f1,0,ssp245,LOCA2
LOCA2,ACCESS-ESM1-5,r2i1p1f1,0,historical,LOCA2
LOCA2,ACCESS-ESM1-5,r2i1p1f1,0,ssp585,LOCA2
LOCA2,ACCESS-ESM1-5,r2i1p1f1,0,ssp370,LOCA2
LOCA2,ACCESS-ESM1-5,r5i1p1f1,0,ssp245,LOCA2
LOCA2,ACCESS-ESM1-5,r5i1p1f1,0,historical,LOCA2
LOCA2,ACCESS-ESM1-5,r5i1p1f1,0,ssp585,LOCA2
LOCA2,ACCESS-ESM1-5,r5i1p1f1,0,ssp370,LOCA2
LOCA2,ACCESS-ESM1-5,r1i1p1f1,0,ssp245,LOCA2
LOCA2,ACCESS-ESM1-5,r1i1p1f1,0,historical,LOCA2
LOCA2,ACCESS-ESM1-5,r1i1p1f1,0,ssp585,LOCA2
LOCA2,ACCESS-ESM1-5,r1i1p1f1,0,ssp370,LOCA2
LOCA2,ACCESS-ESM1-5,r4i1p1f1,0,ssp245,LOCA2
LOCA2,ACCESS-ESM1-5,r4i1p1f1,0,historical,LOCA2
LOCA2,ACCESS-ESM1-5,r4i1p1f1,0,ssp585,LOCA2
LOCA2,ACCESS-ESM1-5,r4i1p1f1,0,ssp370,LOCA2
LOCA2,ACCESS-ESM1-5,r3i1p1f1,0,ssp245,LOCA2
LOCA2,ACCESS-ESM1-5,r3i1p1f1,0,historical,LOCA2
LOCA2,ACCESS-ESM1-5,r3i1p1f1,0,ssp585,LOCA2
LOCA2,ACCESS-ESM1-5,r3i1p1f1,0,ssp370,LOCA2
LOCA2,GFDL-CM4,r1i1p1f1,0,ssp245,LOCA2
LOCA2,GFDL-CM4,r1i1p1f1,0,historical,LOCA2
LOCA2,GFDL-CM4,r1i1p1f1,0,ssp585,LOCA2
LOCA2,INM-CM4-8,r1i1p1f1,0,ssp245,LOCA2
LOCA2,INM-CM4-8,r1i1p1f1,0,historical,LOCA2
LOCA2,INM-CM4-8,r1i1p1f1,0,ssp585,LOCA2
LOCA2,INM-CM4-8,r1i1p1f1,0,ssp370,LOCA2
LOCA2,EC-Earth3,r2i1p1f1,0,ssp245,LOCA2
LOCA2,EC-Earth3,r2i1p1f1,0,historical,LOCA2
LOCA2,EC-Earth3,r1i1p1f1,0,ssp245,LOCA2
LOCA2,EC-Earth3,r1i1p1f1,0,historical,LOCA2
LOCA2,EC-Earth3,r1i1p1f1,0,ssp585,LOCA2
LOCA2,EC-Earth3,r1i1p1f1,0,ssp370,LOCA2
LOCA2,EC-Earth3,r4i1p1f1,0,ssp245,LOCA2
LOCA2,EC-Earth3,r4i1p1f1,0,historical,LOCA2
LOCA2,EC-Earth3,r4i1p1f1,0,ssp585,LOCA2
LOCA2,EC-Earth3,r4i1p1f1,0,ssp370,LOCA2
LOCA2,EC-Earth3,r3i1p1f1,0,historical,LOCA2
LOCA2,EC-Earth3,r3i1p1f1,0,ssp585,LOCA2
LOCA2,BCC-CSM2-MR,r1i1p1f1,0,ssp245,LOCA2
LOCA2,BCC-CSM2-MR,r1i1p1f1,0,historical,LOCA2
LOCA2,BCC-CSM2-MR,r1i1p1f1,0,ssp585,LOCA2
LOCA2,BCC-CSM2-MR,r1i1p1f1,0,ssp370,LOCA2
LOCA2,MPI-ESM1-2-HR,r2i1p1f1,0,ssp245,LOCA2
LOCA2,MPI-ESM1-2-HR,r2i1p1f1,0,historical,LOCA2
LOCA2,MPI-ESM1-2-HR,r2i1p1f1,0,ssp585,LOCA2
LOCA2,MPI-ESM1-2-HR,r2i1p1f1,0,ssp370,LOCA2
LOCA2,MPI-ESM1-2-HR,r5i1p1f1,0,historical,LOCA2
LOCA2,MPI-ESM1-2-HR,r5i1p1f1,0,ssp370,LOCA2
LOCA2,MPI-ESM1-2-HR,r1i1p1f1,0,ssp245,LOCA2
LOCA2,MPI-ESM1-2-HR,r1i1p1f1,0,historical,LOCA2
LOCA2,MPI-ESM1-2-HR,r1i1p1f1,0,ssp585,LOCA2
LOCA2,MPI-ESM1-2-HR,r1i1p1f1,0,ssp370,LOCA2
LOCA2,MPI-ESM1-2-HR,r4i1p1f1,0,historical,LOCA2
LOCA2,MPI-ESM1-2-HR,r4i1p1f1,0,ssp370,LOCA2
LOCA2,MPI-ESM1-2-HR,r3i1p1f1,0,historical,LOCA2
LOCA2,MPI-ESM1-2-HR,r3i1p1f1,0,ssp370,LOCA2
LOCA2,MPI-ESM1-2-HR,r9i1p1f1,0,historical,LOCA2
LOCA2,MPI-ESM1-2-HR,r9i1p1f1,0,ssp370,LOCA2
LOCA2,MPI-ESM1-2-HR,r8i1p1f1,0,historical,LOCA2
LOCA2,MPI-ESM1-2-HR,r8i1p1f1,0,ssp370,LOCA2
LOCA2,MPI-ESM1-2-HR,r10i1p1f1,0,historical,LOCA2
LOCA2,MPI-ESM1-2-HR,r10i1p1f1,0,ssp370,LOCA2
LOCA2,MPI-ESM1-2-HR,r7i1p1f1,0,historical,LOCA2
LOCA2,MPI-ESM1-2-HR,r7i1p1f1,0,ssp370,LOCA2
LOCA2,MPI-ESM1-2-HR,r6i1p1f1,0,historical,LOCA2
LOCA2,MPI-ESM1-2-HR,r6i1p1f1,0,ssp370,LOCA2
LOCA2,TaiESM1,r1i1p1f1,0,ssp245,LOCA2
LOCA2,TaiESM1,r1i1p1f1,0,historical,LOCA2
LOCA2,TaiESM1,r1i1p1f1,0,ssp370,LOCA2
LOCA2,HadGEM3-GC31-LL,r2i1p1f3,0,historical,LOCA2
LOCA2,HadGEM3-GC31-LL,r2i1p1f3,0,ssp585,LOCA2
LOCA2,HadGEM3-GC31-LL,r1i1p1f3,0,ssp245,LOCA2
LOCA2,HadGEM3-GC31-LL,r1i1p1f3,0,historical,LOCA2
LOCA2,HadGEM3-GC31-LL,r1i1p1f3,0,ssp585,LOCA2
LOCA2,HadGEM3-GC31-LL,r3i1p1f3,0,historical,LOCA2
LOCA2,HadGEM3-GC31-LL,r3i1p1f3,0,ssp585,LOCA2
LOCA2,EC-Earth3-Veg,r2i1p1f1,0,ssp245,LOCA2
LOCA2,EC-Earth3-Veg,r2i1p1f1,0,historical,LOCA2
LOCA2,EC-Earth3-Veg,r2i1p1f1,0,ssp585,LOCA2
LOCA2,EC-Earth3-Veg,r2i1p1f1,0,ssp370,LOCA2
LOCA2,EC-Earth3-Veg,r5i1p1f1,0,ssp245,LOCA2
LOCA2,EC-Earth3-Veg,r5i1p1f1,0,historical,LOCA2
LOCA2,EC-Earth3-Veg,r1i1p1f1,0,ssp245,LOCA2
LOCA2,EC-Earth3-Veg,r1i1p1f1,0,historical,LOCA2
LOCA2,EC-Earth3-Veg,r1i1p1f1,0,ssp585,LOCA2
LOCA2,EC-Earth3-Veg,r1i1p1f1,0,ssp370,LOCA2
LOCA2,EC-Earth3-Veg,r4i1p1f1,0,ssp245,LOCA2
LOCA2,EC-Earth3-Veg,r4i1p1f1,0,historical,LOCA2
LOCA2,EC-Earth3-Veg,r4i1p1f1,0,ssp585,LOCA2
LOCA2,EC-Earth3-Veg,r4i1p1f1,0,ssp370,LOCA2
LOCA2,EC-Earth3-Veg,r3i1p1f1,0,ssp245,LOCA2
LOCA2,EC-Earth3-Veg,r3i1p1f1,0,historical,LOCA2
LOCA2,EC-Earth3-Veg,r3i1p1f1,0,ssp585,LOCA2
LOCA2,EC-Earth3-Veg,r3i1p1f1,0,ssp370,LOCA2
LOCA2,CNRM-CM6-1,r1i1p1f2,0,ssp245,LOCA2
LOCA2,CNRM-CM6-1,r1i1p1f2,0,historical,LOCA2
LOCA2,CNRM-CM6-1,r1i1p1f2,0,ssp585,LOCA2
LOCA2,CNRM-CM6-1,r1i1p1f2,0,ssp370,LOCA2
LOCA2,FGOALS-g3,r5i1p1f1,0,historical,LOCA2
LOCA2,FGOALS-g3,r5i1p1f1,0,ssp370,LOCA2
LOCA2,FGOALS-g3,r1i1p1f1,0,ssp245,LOCA2
LOCA2,FGOALS-g3,r1i1p1f1,0,historical,LOCA2
LOCA2,FGOALS-g3,r1i1p1f1,0,ssp585,LOCA2
LOCA2,FGOALS-g3,r1i1p1f1,0,ssp370,LOCA2
LOCA2,FGOALS-g3,r4i1p1f1,0,ssp245,LOCA2
LOCA2,FGOALS-g3,r4i1p1f1,0,historical,LOCA2
LOCA2,FGOALS-g3,r4i1p1f1,0,ssp585,LOCA2
LOCA2,FGOALS-g3,r4i1p1f1,0,ssp370,LOCA2
LOCA2,FGOALS-g3,r3i1p1f1,0,ssp245,LOCA2
LOCA2,FGOALS-g3,r3i1p1f1,0,historical,LOCA2
LOCA2,FGOALS-g3,r3i1p1f1,0,ssp585,LOCA2
LOCA2,FGOALS-g3,r3i1p1f1,0,ssp370,LOCA2
LOCA2,HadGEM3-GC31-MM,r2i1p1f3,0,historical,LOCA2
LOCA2,HadGEM3-GC31-MM,r2i1p1f3,0,ssp585,LOCA2
LOCA2,HadGEM3-GC31-MM,r1i1p1f3,0,historical,LOCA2
LOCA2,HadGEM3-GC31-MM,r1i1p1f3,0,ssp585,LOCA2
LOCA2,MIROC6,r2i1p1f1,0,ssp245,LOCA2
LOCA2,MIROC6,r2i1p1f1,0,historical,LOCA2
LOCA2,MIROC6,r2i1p1f1,0,ssp585,LOCA2
LOCA2,MIROC6,r2i1p1f1,0,ssp370,LOCA2
LOCA2,MIROC6,r5i1p1f1,0,historical,LOCA2
LOCA2,MIROC6,r5i1p1f1,0,ssp585,LOCA2
LOCA2,MIROC6,r1i1p1f1,0,ssp245,LOCA2
LOCA2,MIROC6,r1i1p1f1,0,historical,LOCA2
LOCA2,MIROC6,r1i1p1f1,0,ssp585,LOCA2
LOCA2,MIROC6,r1i1p1f1,0,ssp370,LOCA2
LOCA2,MIROC6,r4i1p1f1,0,historical,LOCA2
LOCA2,MIROC6,r4i1p1f1,0,ssp585,LOCA2
LOCA2,MIROC6,r3i1p1f1,0,ssp245,LOCA2
LOCA2,MIROC6,r3i1p1f1,0,historical,LOCA2
LOCA2,MIROC6,r3i1p1f1,0,ssp585,LOCA2
LOCA2,MIROC6,r3i1p1f1,0,ssp370,LOCA2
LOCA2,CNRM-ESM2-1,r1i1p1f2,0,ssp245,LOCA2
LOCA2,CNRM-ESM2-1,r1i1p1f2,0,historical,LOCA2
LOCA2,CNRM-ESM2-1,r1i1p1f2,0,ssp585,LOCA2
LOCA2,CNRM-ESM2-1,r1i1p1f2,0,ssp370,LOCA2
LOCA2,NorESM2-MM,r2i1p1f1,0,ssp245,LOCA2
LOCA2,NorESM2-MM,r2i1p1f1,0,historical,LOCA2
LOCA2,NorESM2-MM,r1i1p1f1,0,ssp245,LOCA2
LOCA2,NorESM2-MM,r1i1p1f1,0,historical,LOCA2
LOCA2,NorESM2-MM,r1i1p1f1,0,ssp585,LOCA2
LOCA2,NorESM2-MM,r1i1p1f1,0,ssp370,LOCA2
LOCA2,MRI-ESM2-0,r2i1p1f1,0,historical,LOCA2
LOCA2,MRI-ESM2-0,r2i1p1f1,0,ssp370,LOCA2
LOCA2,MRI-ESM2-0,r5i1p1f1,0,historical,LOCA2
LOCA2,MRI-ESM2-0,r5i1p1f1,0,ssp370,LOCA2
LOCA2,MRI-ESM2-0,r1i1p1f1,0,ssp245,LOCA2
LOCA2,MRI-ESM2-0,r1i1p1f1,0,historical,LOCA2
LOCA2,MRI-ESM2-0,r1i1p1f1,0,ssp585,LOCA2
LOCA2,MRI-ESM2-0,r1i1p1f1,0,ssp370,LOCA2
LOCA2,MRI-ESM2-0,r4i1p1f1,0,historical,LOCA2
LOCA2,MRI-ESM2-0,r4i1p1f1,0,ssp370,LOCA2
LOCA2,MRI-ESM2-0,r3i1p1f1,0,historical,LOCA2
LOCA2,MRI-ESM2-0,r3i1p1f1,0,ssp370,LOCA2
OakRidge,ACCESS-CM2,r1i1p1f1,0,ssp585,DBCCA_Daymet
OakRidge,BCC-CSM2-MR,r1i1p1f1,0,ssp585,DBCCA_Daymet
OakRidge,CNRM-ESM2-1,r1i1p1f2,0,ssp585,DBCCA_Daymet
OakRidge,MPI-ESM1-2-HR,r1i1p1f1,0,ssp585,DBCCA_Daymet
OakRidge,MRI-ESM2-0,r1i1p1f1,0,ssp585,DBCCA_Daymet
OakRidge,NorESM2-MM,r1i1p1f1,0,ssp585,DBCCA_Daymet
OakRidge,ACCESS-CM2,r1i1p1f1,0,historical,DBCCA_Daymet
OakRidge,BCC-CSM2-MR,r1i1p1f1,0,historical,DBCCA_Daymet
OakRidge,CNRM-ESM2-1,r1i1p1f2,0,historical,DBCCA_Daymet
OakRidge,MPI-ESM1-2-HR,r1i1p1f1,0,historical,DBCCA_Daymet
OakRidge,MRI-ESM2-0,r1i1p1f1,0,historical,DBCCA_Daymet
OakRidge,NorESM2-MM,r1i1p1f1,0,historical,DBCCA_Daymet
OakRidge,ACCESS-CM2,r1i1p1f1,0,ssp585,RegCM_Daymet
OakRidge,BCC-CSM2-MR,r1i1p1f1,0,ssp585,RegCM_Daymet
OakRidge,CNRM-ESM2-1,r1i1p1f2,0,ssp585,RegCM_Daymet
OakRidge,MPI-ESM1-2-HR,r1i1p1f1,0,ssp585,RegCM_Daymet
OakRidge,MRI-ESM2-0,r1i1p1f1,0,ssp585,RegCM_Daymet
OakRidge,NorESM2-MM,r1i1p1f1,0,ssp585,RegCM_Daymet
OakRidge,ACCESS-CM2,r1i1p1f1,0,historical,RegCM_Daymet
OakRidge,BCC-CSM2-MR,r1i1p1f1,0,historical,RegCM_Daymet
OakRidge,CNRM-ESM2-1,r1i1p1f2,0,historical,RegCM_Daymet
OakRidge,MPI-ESM1-2-HR,r1i1p1f1,0,historical,RegCM_Daymet
OakRidge,MRI-ESM2-0,r1i1p1f1,0,historical,RegCM_Daymet
OakRidge,NorESM2-MM,r1i1p1f1,0,historical,RegCM_Daymet
OakRidge,ACCESS-CM2,r1i1p1f1,0,ssp585,DBCCA_Livneh
OakRidge,BCC-CSM2-MR,r1i1p1f1,0,ssp585,DBCCA_Livneh
OakRidge,CNRM-ESM2-1,r1i1p1f2,0,ssp585,DBCCA_Livneh
OakRidge,MPI-ESM1-2-HR,r1i1p1f1,0,ssp585,DBCCA_Livneh
OakRidge,MRI-ESM2-0,r1i1p1f1,0,ssp585,DBCCA_Livneh
OakRidge,NorESM2-MM,r1i1p1f1,0,ssp585,DBCCA_Livneh
OakRidge,ACCESS-CM2,r1i1p1f1,0,historical,DBCCA_Livneh
OakRidge,BCC-CSM2-MR,r1i1p1f1,0,historical,DBCCA_Livneh
OakRidge,CNRM-ESM2-1,r1i1p1f2,0,historical,DBCCA_Livneh
OakRidge,MPI-ESM1-2-HR,r1i1p1f1,0,historical,DBCCA_Livneh
OakRidge,MRI-ESM2-0,r1i1p1f1,0,historical,DBCCA_Livneh
OakRidge,NorESM2-MM,r1i1p1f1,0,historical,DBCCA_Livneh
OakRidge,ACCESS-CM2,r1i1p1f1,0,ssp585,RegCM_Livneh
OakRidge,BCC-CSM2-MR,r1i1p1f1,0,ssp585,RegCM_Livneh
OakRidge,CNRM-ESM2-1,r1i1p1f2,0,ssp585,RegCM_Livneh
OakRidge,MPI-ESM1-2-HR,r1i1p1f1,0,ssp585,RegCM_Livneh
OakRidge,MRI-ESM2-0,r1i1p1f1,0,ssp585,RegCM_Livneh
OakRidge,NorESM2-MM,r1i1p1f1,0,ssp585,RegCM_Livneh
OakRidge,ACCESS-CM2,r1i1p1f1,0,historical,RegCM_Livneh
OakRidge,BCC-CSM2-MR,r1i1p1f1,0,historical,RegCM_Livneh
OakRidge,CNRM-ESM2-1,r1i1p1f2,0,historical,RegCM_Livneh
OakRidge,MPI-ESM1-2-HR,r1i1p1f1,0,historical,RegCM_Livneh
OakRidge,MRI-ESM2-0,r1i1p1f1,0,historical,RegCM_Livneh
OakRidge,NorESM2-MM,r1i1p1f1,0,historical,RegCM_Livneh
